{
  "age": 0.08986781633400656,
  "hours-per-week": 0.05209588252762058,
  "workclass": 0.007936225923327898,
  "occupation": 0.029393646891887233,
  "marital-status": 0.22165770569779533,
  "relationship": 0.2239066206866966,
  "race": 0.002506403249417445,
  "sex": 0.005700278448193837,
  "native-country": 0.005028276316133312,
  "education": 0.1692918353672012,
  "capital-gain": 0.14873512474352163,
  "capital-loss": 0.04388018381419858
}